Tiempo desde erupcion (d);Magnitud;;;;;;;;;;;;
3871,6;5,3;;;;;;;;;;;;
3871,674;5,5;;;;;;;;;;;;
3871,96;5,3;;;;;;;;;;;;
3872,7;5,8;;;;;;;;;;;;
3872,8056;5,0;;;;;;;;;;;;
3873,5;5,1;;;;;;;;;;;;
3873,7917;5,1;;;;;;;;;;;;
3874,2;5,4;;;;;;;;;;;;
3874,3;5,2;;;;;;;;;;;;
3874,5;5,0;;;;;;;;;;;;
3874,5;5,3;;;;;;;;;;;;
3874,6;5,1;;;;;;;;;;;;
3874,6875;5,1;;;;;;;;;;;;
3874,7;5,1;;;;;;;;;;;;
3875,5;5,0;;;;;;;;;;;;
3875,6;5,0;;;;;;;;;;;;
3875,6;5,1;;;;;;;;;;;;
3875,6;5,4;;;;;;;;;;;;
3875,6;5,0;;;;;;;;;;;;
3875,6;5,0;;;;;;;;;;;;
3875,6806;5,1;;;;;;;;;;;;
3875,95;5,4;;;;;;;;;;;;
3876,6;5,1;;;;;;;;;;;;
3876,92;5,4;;;;;;;;;;;;
3877,6;5,0;;;;;;;;;;;;
3877,6;5,1;;;;;;;;;;;;
3877,7;5,9;;;;;;;;;;;;
3878,3;4,8;;;;;;;;;;;;
3878,6;5,0;;;;;;;;;;;;
3878,684;5,0;;;;;;;;;;;;
3878,92;5,4;;;;;;;;;;;;
3880,6771;5,2;;;;;;;;;;;;
3880,681;5,3;;;;;;;;;;;;
3881,3;5,5;;;;;;;;;;;;
3881,6;5,5;;;;;;;;;;;;
3881,7;5,1;;;;;;;;;;;;
3882,632;5,3;;;;;;;;;;;;
3884;5,4;;;;;;;;;;;;
3883,625;5,3;;;;;;;;;;;;
3884,618;5,3;;;;;;;;;;;;
3885,6;5,5;;;;;;;;;;;;
3886,3;5,6;;;;;;;;;;;;
3886,6;5,3;;;;;;;;;;;;
3887,91;5,4;;;;;;;;;;;;
3888,2;5,1;;;;;;;;;;;;
3888,5;5,1;;;;;;;;;;;;
3888,5;5,2;;;;;;;;;;;;
3888,6;5,3;;;;;;;;;;;;
3888,6;5,7;;;;;;;;;;;;
3888,632;5,4;;;;;;;;;;;;
3889,5;5,1;;;;;;;;;;;;
3889,5;5,3;;;;;;;;;;;;
3889,6;5,6;;;;;;;;;;;;
3889,6;5,2;;;;;;;;;;;;
3889,6;5,0;;;;;;;;;;;;
3889,6;5,4;;;;;;;;;;;;
3889,646;5,2;;;;;;;;;;;;
3889,93;5,4;;;;;;;;;;;;
3890,3;5,4;;;;;;;;;;;;
3890,5;5,1;;;;;;;;;;;;
3890,5;5,3;;;;;;;;;;;;
3891,3;5,3;;;;;;;;;;;;
3891,6;5,1;;;;;;;;;;;;
3892,4;5,3;;;;;;;;;;;;
3893,5;5,8;;;;;;;;;;;;
3893,7;5,5;;;;;;;;;;;;
3894,2;5,2;;;;;;;;;;;;
3894,6;5,0;;;;;;;;;;;;
3895,3;5,4;;;;;;;;;;;;
3895,6;5,4;;;;;;;;;;;;
3895,6;5,8;;;;;;;;;;;;
3895,6;5,5;;;;;;;;;;;;
3896,3;5,3;;;;;;;;;;;;
3896,6;5,7;;;;;;;;;;;;
3897,3;5,4;;;;;;;;;;;;
3897,5;5,6;;;;;;;;;;;;
3897,6;5,2;;;;;;;;;;;;
3897,7083;5,4;;;;;;;;;;;;
3898,5;5,3;;;;;;;;;;;;
3898,6;5,3;;;;;;;;;;;;
3899,3;5,5;;;;;;;;;;;;
3899,5;5,6;;;;;;;;;;;;
3899,7083;5,4;;;;;;;;;;;;
3900,6;5,3;;;;;;;;;;;;
3901,6;5,4;;;;;;;;;;;;
3903,5;5,0;;;;;;;;;;;;
3903,6;5,4;;;;;;;;;;;;
3903,6;5,5;;;;;;;;;;;;
3903,6458;5,5;;;;;;;;;;;;
3903,7;5,5;;;;;;;;;;;;
3904,5;5,4;;;;;;;;;;;;
3904,5;5,8;;;;;;;;;;;;
3904,6;5,4;;;;;;;;;;;;
3905,2;5,3;;;;;;;;;;;;
3907,3;5,5;;;;;;;;;;;;
3908,5;5,4;;;;;;;;;;;;
3908,5;5,5;;;;;;;;;;;;
3908,6;5,6;;;;;;;;;;;;
3910,2;5,6;;;;;;;;;;;;
3911,5;5,3;;;;;;;;;;;;
3912,5;5,3;;;;;;;;;;;;
3913,3;5,6;;;;;;;;;;;;
3914,3;5,7;;;;;;;;;;;;
3919,2;5,5;;;;;;;;;;;;
3920,2;5,5;;;;;;;;;;;;
3920,6;5,6;;;;;;;;;;;;
3921,5;5,4;;;;;;;;;;;;
3922,5;5,5;;;;;;;;;;;;
3922,6;5,5;;;;;;;;;;;;
3923,5;5,7;;;;;;;;;;;;
3924,5;5,3;;;;;;;;;;;;
3924,5;5,6;;;;;;;;;;;;
3925,5;5,3;;;;;;;;;;;;
3927,5;5,2;;;;;;;;;;;;
3927,5;5,7;;;;;;;;;;;;
3928,5;5,4;;;;;;;;;;;;
3928,5;5,6;;;;;;;;;;;;
3929,6;5,5;;;;;;;;;;;;
3932,2;5,8;;;;;;;;;;;;
3932,6;5,3;;;;;;;;;;;;
3936,2;5,7;;;;;;;;;;;;
3940,6;5,8;;;;;;;;;;;;
3952,2;5,5;;;;;;;;;;;;
3994,9;5,8;;;;;;;;;;;;
3995,9;5,8;;;;;;;;;;;;
3997,6;6,1;;;;;;;;;;;;
4000,7;6,3;;;;;;;;;;;;
4001,7;6,2;;;;;;;;;;;;
4008,6042;5,5;;;;;;;;;;;;
4014,9;5,9;;;;;;;;;;;;
4015,6;6,2;;;;;;;;;;;;
4016,9;6,3;;;;;;;;;;;;
4018,7;6,5;;;;;;;;;;;;
4019,9;6,2;;;;;;;;;;;;
4020,6;6,2;;;;;;;;;;;;
4024,6111;5,5;;;;;;;;;;;;
4027,9;6,2;;;;;;;;;;;;
4028,7;6,6;;;;;;;;;;;;
4029,9;6,2;;;;;;;;;;;;
4035,5;6,3;;;;;;;;;;;;
4041,6;6,3;;;;;;;;;;;;
4042,6;6,3;;;;;;;;;;;;
4045,9;6,3;;;;;;;;;;;;
4045,9;6,3;;;;;;;;;;;;
4046,7;6,6;;;;;;;;;;;;
4049,9;6,3;;;;;;;;;;;;
4052,6;6,2;;;;;;;;;;;;
4056,9;6,3;;;;;;;;;;;;
4057,9;6,3;;;;;;;;;;;;
4060,9;6,4;;;;;;;;;;;;
4070,8;6,4;;;;;;;;;;;;
4071,54;6,5;;;;;;;;;;;;
4074,9;6,4;;;;;;;;;;;;
4075,9;6,2;;;;;;;;;;;;
4077,9;6,4;;;;;;;;;;;;
4078,9;6,3;;;;;;;;;;;;
4083,5;6,6;;;;;;;;;;;;
4084,5;6,2;;;;;;;;;;;;
4084,9;6,4;;;;;;;;;;;;
4094,5;6,3;;;;;;;;;;;;
4097,5;6,3;;;;;;;;;;;;
4098,4;6,3;;;;;;;;;;;;
4099,4;6,3;;;;;;;;;;;;
4100,3;6,6;;;;;;;;;;;;
4101,3;6,6;;;;;;;;;;;;
4101,5;6,7;;;;;;;;;;;;
4101,6;6,4;;;;;;;;;;;;
4102,6;6,3;;;;;;;;;;;;
4102,7;6,4;;;;;;;;;;;;
4103,7;6,5;;;;;;;;;;;;
4104,8;6,4;;;;;;;;;;;;
4105,5;6,4;;;;;;;;;;;;
4105,9;6,5;;;;;;;;;;;;
4106,7;6,5;;;;;;;;;;;;
4107,3;6,6;;;;;;;;;;;;
4107,5;6,6;;;;;;;;;;;;
4107,6;6,4;;;;;;;;;;;;
4107,8;6,4;;;;;;;;;;;;
4108,9;6,5;;;;;;;;;;;;
4109,5;6,6;;;;;;;;;;;;
4109,8;6,5;;;;;;;;;;;;
4110,7;6,4;;;;;;;;;;;;
4111,4;6,6;;;;;;;;;;;;
4115,8;6,4;;;;;;;;;;;;
4116,7;6,5;;;;;;;;;;;;
4116,8;6,5;;;;;;;;;;;;
4118,4;6,7;;;;;;;;;;;;
4119,4;6,5;;;;;;;;;;;;
4119,4;6,5;;;;;;;;;;;;
4119,7;6,5;;;;;;;;;;;;
4119,8;6,5;;;;;;;;;;;;
4121,4;6,4;;;;;;;;;;;;
4121,7;6,6;;;;;;;;;;;;
4124,4;6,5;;;;;;;;;;;;
4126,5;6,5;;;;;;;;;;;;
4126,7;6,4;;;;;;;;;;;;
4127,5;6,8;;;;;;;;;;;;
4127,5;6,5;;;;;;;;;;;;
4127,7;6,4;;;;;;;;;;;;
4128,7;6,5;;;;;;;;;;;;
4129,7;6,5;;;;;;;;;;;;
4130,4;6,6;;;;;;;;;;;;
4130,5;6,8;;;;;;;;;;;;
4131,7;6,5;;;;;;;;;;;;
4131,8;6,6;;;;;;;;;;;;
4136,7;6,5;;;;;;;;;;;;
4136,7;7,4;;;;;;;;;;;;
4137,4;7,3;;;;;;;;;;;;
4137,4;6,5;;;;;;;;;;;;
4137,7;6,4;;;;;;;;;;;;
4138,8;6,7;;;;;;;;;;;;
4138,9;6,5;;;;;;;;;;;;
4140,6;6,2;;;;;;;;;;;;
4140,7;6,4;;;;;;;;;;;;
4140,7;6,5;;;;;;;;;;;;
4142,6;6,2;;;;;;;;;;;;
4142,7;6,4;;;;;;;;;;;;
4143,6;6,2;;;;;;;;;;;;
4144,7;6,8;;;;;;;;;;;;
4146,5;6,9;;;;;;;;;;;;
4147,8;6,8;;;;;;;;;;;;
4148,6;6,2;;;;;;;;;;;;
4155,5;6,7;;;;;;;;;;;;
4156,7;6,4;;;;;;;;;;;;
4157,7;6,4;;;;;;;;;;;;
4158,4;6,8;;;;;;;;;;;;
4162,7;6,6;;;;;;;;;;;;
4163,6;6,9;;;;;;;;;;;;
4164,6;6,9;;;;;;;;;;;;
4165,6;6,9;;;;;;;;;;;;
4165,6;6,3;;;;;;;;;;;;
4166,3;6,9;;;;;;;;;;;;
4166,7;6,4;;;;;;;;;;;;
4167,7;6,6;;;;;;;;;;;;
4168,3;6,8;;;;;;;;;;;;
4168,6;6,0;;;;;;;;;;;;
4168,7;6,6;;;;;;;;;;;;
4169,6;6,8;;;;;;;;;;;;
4170,4;6,7;;;;;;;;;;;;
4171,5;6,7;;;;;;;;;;;;
4171,7;6,6;;;;;;;;;;;;
4172,8;6,9;;;;;;;;;;;;
4173,5;6,7;;;;;;;;;;;;
4174,3;6,7;;;;;;;;;;;;
4177,4;6,7;;;;;;;;;;;;
4178,5;6,7;;;;;;;;;;;;
4178,6;7,0;;;;;;;;;;;;
4178,9;6,7;;;;;;;;;;;;
4179,6;6,1;;;;;;;;;;;;
4180,6;6,1;;;;;;;;;;;;
4184,5;6,7;;;;;;;;;;;;
4185,7;6,6;;;;;;;;;;;;
4186,3;6,7;;;;;;;;;;;;
4186,5;6,7;;;;;;;;;;;;
4186,7;6,7;;;;;;;;;;;;
4188,4;6,8;;;;;;;;;;;;
4189,4;7,0;;;;;;;;;;;;
4190,6;7,5;;;;;;;;;;;;
4190,7;6,7;;;;;;;;;;;;
4191,6;7,1;;;;;;;;;;;;
4191,6;6,1;;;;;;;;;;;;
4192,5;6,7;;;;;;;;;;;;
4192,7;6,9;;;;;;;;;;;;
4193,4;6,7;;;;;;;;;;;;
4193,6;6,2;;;;;;;;;;;;
4193,7;7,0;;;;;;;;;;;;
4194,42;6,8;;;;;;;;;;;;
4194,6;7,3;;;;;;;;;;;;
4194,7;7,0;;;;;;;;;;;;
4196,6;6,3;;;;;;;;;;;;
4196,7;7,0;;;;;;;;;;;;
4197,6;6,3;;;;;;;;;;;;
4198,6;6,4;;;;;;;;;;;;
4199,3;6,9;;;;;;;;;;;;
4199,4;7,8;;;;;;;;;;;;
4199,4;6,9;;;;;;;;;;;;
4199,6;6,3;;;;;;;;;;;;
4199,6;7,1;;;;;;;;;;;;
4202,6;7,2;;;;;;;;;;;;
4202,6;7,0;;;;;;;;;;;;
4206,5;7,6;;;;;;;;;;;;
4206,5;7,5;;;;;;;;;;;;
4206,6;7,1;;;;;;;;;;;;
4207,7;7,0;;;;;;;;;;;;
4212,6;7,2;;;;;;;;;;;;
4213,6;7,4;;;;;;;;;;;;
4214,6;7,3;;;;;;;;;;;;
4215,5;7,3;;;;;;;;;;;;
4215,5;7,5;;;;;;;;;;;;
4216,6;7,2;;;;;;;;;;;;
4217,6;7,2;;;;;;;;;;;;
4218,7;7,5;;;;;;;;;;;;
4219,3;7,4;;;;;;;;;;;;
4219,5;7,5;;;;;;;;;;;;
4220,3;7,5;;;;;;;;;;;;
4221,6;7,4;;;;;;;;;;;;
4221,7;7,3;;;;;;;;;;;;
4222,6;7,3;;;;;;;;;;;;
4224,4;7,4;;;;;;;;;;;;
4225,6;7,2;;;;;;;;;;;;
4226,4;7,8;;;;;;;;;;;;
4226,6;7,3;;;;;;;;;;;;
4227,3;7,4;;;;;;;;;;;;
4227,5;7,4;;;;;;;;;;;;
4227,5;7,3;;;;;;;;;;;;
4228,6;7,5;;;;;;;;;;;;
4228,6;7,0;;;;;;;;;;;;
4234,6;7,2;;;;;;;;;;;;
4238,5;7,8;;;;;;;;;;;;
4238,6;7,7;;;;;;;;;;;;
4238,6;7,4;;;;;;;;;;;;
4239,6;7,1;;;;;;;;;;;;
4244,6;7,4;;;;;;;;;;;;
4246,3;7,5;;;;;;;;;;;;
4247,6;7,2;;;;;;;;;;;;
4249,6;7,3;;;;;;;;;;;;
4251,5;7,6;;;;;;;;;;;;
4253,6;7,2;;;;;;;;;;;;
4254,6;7,5;;;;;;;;;;;;
4255,3;7,6;;;;;;;;;;;;
4258,6;7,1;;;;;;;;;;;;
4260,6;7,5;;;;;;;;;;;;
4260,6;7,0;;;;;;;;;;;;
4265,5;7,7;;;;;;;;;;;;
4265,6;7,1;;;;;;;;;;;;
4266,6;7,2;;;;;;;;;;;;
4268,6;7,3;;;;;;;;;;;;
4272,2;8,0;;;;;;;;;;;;
4273,2;8,0;;;;;;;;;;;;
4273,6;7,5;;;;;;;;;;;;
4274,6;7,6;;;;;;;;;;;;
4275,6;7,4;;;;;;;;;;;;
4276,5;7,6;;;;;;;;;;;;
4276,5;7,6;;;;;;;;;;;;
4276,6;7,5;;;;;;;;;;;;
4277,5;8,0;;;;;;;;;;;;
4277,6;7,4;;;;;;;;;;;;
4281,5;7,7;;;;;;;;;;;;
4283,6;7,3;;;;;;;;;;;;
4285,6;7,5;;;;;;;;;;;;
4286,6;7,7;;;;;;;;;;;;
4293,6;7,5;;;;;;;;;;;;
4295,6;7,4;;;;;;;;;;;;
4297,6;7,4;;;;;;;;;;;;
4305,2;7,8;;;;;;;;;;;;
4307,5;7,5;;;;;;;;;;;;
4312,5;7,7;;;;;;;;;;;;
4349,9;7,9;;;;;;;;;;;;
4351,7;8,0;;;;;;;;;;;;
4353,9;7,9;;;;;;;;;;;;
4372,5;8,1;;;;;;;;;;;;
4378,7;8,2;;;;;;;;;;;;
4383,69;8,4;;;;;;;;;;;;
4397,8;8,1;;;;;;;;;;;;
4401,6;8,2;;;;;;;;;;;;
4404,6;8,3;;;;;;;;;;;;
4404,8;8,5;;;;;;;;;;;;
4406,6;8,2;;;;;;;;;;;;
4407,4;8,1;;;;;;;;;;;;
4410,7;8,1;;;;;;;;;;;;
4411,8;8,5;;;;;;;;;;;;
4411,9;7,9;;;;;;;;;;;;
4428,8;8,3;;;;;;;;;;;;
4429,6;8,3;;;;;;;;;;;;
4432,3;8,1;;;;;;;;;;;;
4433,8;8,3;;;;;;;;;;;;
4436,8;8,3;;;;;;;;;;;;
4436,8;8,4;;;;;;;;;;;;
4437,8;8,3;;;;;;;;;;;;
4439,8;8,7;;;;;;;;;;;;
4444,6;8,5;;;;;;;;;;;;
4453,7;8,4;;;;;;;;;;;;
4457,5;8,4;;;;;;;;;;;;
4459,7;8,7;;;;;;;;;;;;
4460,2;8,3;;;;;;;;;;;;
4466,8;8,3;;;;;;;;;;;;
4466,8;8,9;;;;;;;;;;;;
4467,6;8,4;;;;;;;;;;;;
4470,8;8,7;;;;;;;;;;;;
4471,6;8,6;;;;;;;;;;;;
4471,6;8,5;;;;;;;;;;;;
4474,8;8,6;;;;;;;;;;;;
4481,6;8,6;;;;;;;;;;;;
4482,4;8,5;;;;;;;;;;;;
4482,7;8,6;;;;;;;;;;;;
4483,4;8,2;;;;;;;;;;;;
4484,4;8,3;;;;;;;;;;;;
4484,6;8,7;;;;;;;;;;;;
4485,2;8,6;;;;;;;;;;;;
4486,6;8,6;;;;;;;;;;;;
4487,4;8,4;;;;;;;;;;;;
4487,7;8,7;;;;;;;;;;;;
4487,8;8,5;;;;;;;;;;;;
4488,7;8,6;;;;;;;;;;;;
4490,6;7,9;;;;;;;;;;;;
4491,8;8,5;;;;;;;;;;;;
4493,6;8,6;;;;;;;;;;;;
4494,6;8,5;;;;;;;;;;;;
4496,4;8,4;;;;;;;;;;;;
4497,7;8,4;;;;;;;;;;;;
4499,6;8,3;;;;;;;;;;;;
4499,8;8,7;;;;;;;;;;;;
4500,4;8,4;;;;;;;;;;;;
4500,6;8,2;;;;;;;;;;;;
4500,6;8,2;;;;;;;;;;;;
4500,8;8,7;;;;;;;;;;;;
4501,4;8,4;;;;;;;;;;;;
4501,8;8,4;;;;;;;;;;;;
4513,2;8,4;;;;;;;;;;;;
4514,6;8,8;;;;;;;;;;;;
4515,5;9,3;;;;;;;;;;;;
4515,6;8,6;;;;;;;;;;;;
4515,8;8,4;;;;;;;;;;;;
4516,4;8,7;;;;;;;;;;;;
4516,6;8,5;;;;;;;;;;;;
4516,6;8,4;;;;;;;;;;;;
4517,2;8,6;;;;;;;;;;;;
4518,6;8,6;;;;;;;;;;;;
4519,4;9,0;;;;;;;;;;;;
4520,7;8,8;;;;;;;;;;;;
4522,6;8,8;;;;;;;;;;;;
4522,8;8,5;;;;;;;;;;;;
4523,5;9,2;;;;;;;;;;;;
4523,6;8,5;;;;;;;;;;;;
4524,4;8,4;;;;;;;;;;;;
4524,6;8,4;;;;;;;;;;;;
4525,6;8,6;;;;;;;;;;;;
4526,2;8,6;;;;;;;;;;;;
4526,5;8,5;;;;;;;;;;;;
4530,5;9,0;;;;;;;;;;;;
4531,6;8,5;;;;;;;;;;;;
4531,6;8,4;;;;;;;;;;;;
4532,6;8,7;;;;;;;;;;;;
4532,6;8,6;;;;;;;;;;;;
4532,6;8,8;;;;;;;;;;;;
4532,8;8,7;;;;;;;;;;;;
4533,5;8,3;;;;;;;;;;;;
4533,6;8,9;;;;;;;;;;;;
4533,6;8,4;;;;;;;;;;;;
4533,6;8,4;;;;;;;;;;;;
4536,4;9,1;;;;;;;;;;;;
4538,4;8,8;;;;;;;;;;;;
4539,6;8,5;;;;;;;;;;;;
4540;8,1;;;;;;;;;;;;
4540,6;8,3;;;;;;;;;;;;
4541,4;9,1;;;;;;;;;;;;
4541,4;8,5;;;;;;;;;;;;
4541,6;8,7;;;;;;;;;;;;
4542,6;8,7;;;;;;;;;;;;
4542,6;8,5;;;;;;;;;;;;
4543,3;8,2;;;;;;;;;;;;
4543,6;8,5;;;;;;;;;;;;
4543,6;8,6;;;;;;;;;;;;
4544,1;8,5;;;;;;;;;;;;
4546,4;9,2;;;;;;;;;;;;
4546,6;8,7;;;;;;;;;;;;
4547,1;8,4;;;;;;;;;;;;
4547,4;8,5;;;;;;;;;;;;
4547,4;8,7;;;;;;;;;;;;
4547,6;8,6;;;;;;;;;;;;
4549,1;8,4;;;;;;;;;;;;
4550,8;8,2;;;;;;;;;;;;
4554,3;8,4;;;;;;;;;;;;
4554,3;8,4;;;;;;;;;;;;
4554,4;9,2;;;;;;;;;;;;
4554,6;8,6;;;;;;;;;;;;
4556;8,1;;;;;;;;;;;;
4556,5;9,1;;;;;;;;;;;;
4556,6;8,5;;;;;;;;;;;;
4557,6;8,5;;;;;;;;;;;;
4559,4;8,7;;;;;;;;;;;;
4559,5;9,2;;;;;;;;;;;;
4560,5;8,9;;;;;;;;;;;;
4560,6;8,5;;;;;;;;;;;;
4561,5;9,0;;;;;;;;;;;;
4562,6;8,4;;;;;;;;;;;;
4563,6;9,1;;;;;;;;;;;;
4563,6;8,7;;;;;;;;;;;;
4565,5;9,0;;;;;;;;;;;;
4566;8,5;;;;;;;;;;;;
4567,4;8,8;;;;;;;;;;;;
4567,6;8,8;;;;;;;;;;;;
4568,5;9,0;;;;;;;;;;;;
4568,6;8,9;;;;;;;;;;;;
4569,6;8,5;;;;;;;;;;;;
4569,6;8,7;;;;;;;;;;;;
4571,3;8,4;;;;;;;;;;;;
4571,4;9,2;;;;;;;;;;;;
4571,5;8,8;;;;;;;;;;;;
4572,6;8,8;;;;;;;;;;;;
4573,5;9,0;;;;;;;;;;;;
4573,6;8,6;;;;;;;;;;;;
4574;8,3;;;;;;;;;;;;
4574,3;8,4;;;;;;;;;;;;
4574,5;8,8;;;;;;;;;;;;
4574,6;8,7;;;;;;;;;;;;
4575,5;9,1;;;;;;;;;;;;
4576,3;8,4;;;;;;;;;;;;
4576,6;8,8;;;;;;;;;;;;
4576,6;8,7;;;;;;;;;;;;
4579,4;8,4;;;;;;;;;;;;
4579,5;8,8;;;;;;;;;;;;
4579,5;8,7;;;;;;;;;;;;
4580,3;9,2;;;;;;;;;;;;
4580,3;8,5;;;;;;;;;;;;
4580,4;8,8;;;;;;;;;;;;
4580,5;9,1;;;;;;;;;;;;
4580,6;9,3;;;;;;;;;;;;
4581,4;8,2;;;;;;;;;;;;
4582,6;8,7;;;;;;;;;;;;
4584,5;8,5;;;;;;;;;;;;
4584,5;8,7;;;;;;;;;;;;
4584,5;8,9;;;;;;;;;;;;
4585;8,4;;;;;;;;;;;;
4585,5;8,8;;;;;;;;;;;;
4585,5;8,9;;;;;;;;;;;;
4586,5;8,9;;;;;;;;;;;;
4586,6;8,0;;;;;;;;;;;;
4587,1;8,4;;;;;;;;;;;;
4587,5;9,0;;;;;;;;;;;;
4588,5;9,0;;;;;;;;;;;;
4588,6;8,8;;;;;;;;;;;;
4589,5;9,0;;;;;;;;;;;;
4596,3;8,6;;;;;;;;;;;;
4596,5;8,8;;;;;;;;;;;;
4596,5;9,0;;;;;;;;;;;;
4598,6;8,8;;;;;;;;;;;;
4599,6;8,9;;;;;;;;;;;;
4600,1;8,5;;;;;;;;;;;;
4600,5;8,7;;;;;;;;;;;;
4600,5;9,0;;;;;;;;;;;;
4600,6;8,6;;;;;;;;;;;;
4601,5;9,2;;;;;;;;;;;;
4601,5;9,0;;;;;;;;;;;;
4602,3;8,4;;;;;;;;;;;;
4602,5;8,9;;;;;;;;;;;;
4602,6;8,9;;;;;;;;;;;;
4603,6;8,9;;;;;;;;;;;;
4604,3;8,9;;;;;;;;;;;;
4604,4;9,3;;;;;;;;;;;;
4604,5;8,9;;;;;;;;;;;;
4605,5;8,5;;;;;;;;;;;;
4605,5;8,6;;;;;;;;;;;;
4605,6;8,9;;;;;;;;;;;;
4605,6;8,6;;;;;;;;;;;;
4606,5;8,9;;;;;;;;;;;;
4607,5;8,9;;;;;;;;;;;;
4608,5;8,6;;;;;;;;;;;;
4608,5;9,0;;;;;;;;;;;;
4609,5;8,9;;;;;;;;;;;;
4609,6;8,6;;;;;;;;;;;;
4611,5;8,7;;;;;;;;;;;;
4611,5;8,8;;;;;;;;;;;;
4612,5;8,4;;;;;;;;;;;;
4612,5;8,9;;;;;;;;;;;;
4612,6;8,9;;;;;;;;;;;;
4613;8,4;;;;;;;;;;;;
4616,6;8,5;;;;;;;;;;;;
4617,5;8,7;;;;;;;;;;;;
4619,5;8,5;;;;;;;;;;;;
4619,5;8,7;;;;;;;;;;;;
4620,5;8,7;;;;;;;;;;;;
4621,1;8,7;;;;;;;;;;;;
4621,6;8,9;;;;;;;;;;;;
4626,5;8,9;;;;;;;;;;;;
4626,6;9,0;;;;;;;;;;;;
4627,3;9,2;;;;;;;;;;;;
4627,5;8,9;;;;;;;;;;;;
4629,5;8,7;;;;;;;;;;;;
4632,5;9,0;;;;;;;;;;;;
4632,5;8,8;;;;;;;;;;;;
4633;8,4;;;;;;;;;;;;
4633,5;8,6;;;;;;;;;;;;
4633,5;8,8;;;;;;;;;;;;
4634,5;9,0;;;;;;;;;;;;
4634,5;8,6;;;;;;;;;;;;
4635,5;8,7;;;;;;;;;;;;
4636,5;8,7;;;;;;;;;;;;
4637,5;8,7;;;;;;;;;;;;
4637,5;8,8;;;;;;;;;;;;
4639,2;8,5;;;;;;;;;;;;
4639,5;8,8;;;;;;;;;;;;
4640,5;8,7;;;;;;;;;;;;
4640,6;9,0;;;;;;;;;;;;
4641,2;8,9;;;;;;;;;;;;
4642,5;8,7;;;;;;;;;;;;
4642,5;8,6;;;;;;;;;;;;
4642,5;8,8;;;;;;;;;;;;
4643,5;8,8;;;;;;;;;;;;
4644,2;9,1;;;;;;;;;;;;
4645;8,5;;;;;;;;;;;;
4645,5;8,6;;;;;;;;;;;;
4657,2;8,8;;;;;;;;;;;;
4658;8,3;;;;;;;;;;;;
4658,5;8,6;;;;;;;;;;;;
4661,5;8,6;;;;;;;;;;;;
4662;8,5;;;;;;;;;;;;
4717,7;9,4;;;;;;;;;;;;
4733,9;9,1;;;;;;;;;;;;
4734,9;9,0;;;;;;;;;;;;
4735,5;8,9;;;;;;;;;;;;
4737,9;9,1;;;;;;;;;;;;
4739,7;9,4;;;;;;;;;;;;
4746,7;9,3;;;;;;;;;;;;
4751,8;9,3;;;;;;;;;;;;
4753,3;9,5;;;;;;;;;;;;
4756,9;9,0;;;;;;;;;;;;
4758,3;9,1;;;;;;;;;;;;
4758,7;9,2;;;;;;;;;;;;
4758,9;9,1;;;;;;;;;;;;
4759,9;9,2;;;;;;;;;;;;
4763,4;8,8;;;;;;;;;;;;
4763,9;9,2;;;;;;;;;;;;
4767,9;9,2;;;;;;;;;;;;
4771,8;9,4;;;;;;;;;;;;
4780,6;9,2;;;;;;;;;;;;
4781,8;9,0;;;;;;;;;;;;
4781,8;9,1;;;;;;;;;;;;
4782,6;9,6;;;;;;;;;;;;
4790,8;9,2;;;;;;;;;;;;
4792,6;9,5;;;;;;;;;;;;
4795,4;9,0;;;;;;;;;;;;
4807,7;9,4;;;;;;;;;;;;
4810,7;9,3;;;;;;;;;;;;
4813,4;9,0;;;;;;;;;;;;
4814,8;9,5;;;;;;;;;;;;
4816,6;9,1;;;;;;;;;;;;
4817,8;9,1;;;;;;;;;;;;
4821,5;9,7;;;;;;;;;;;;
4823,7;9,5;;;;;;;;;;;;
4826,8;9,2;;;;;;;;;;;;
4837,7;9,1;;;;;;;;;;;;
4840,4;9,5;;;;;;;;;;;;
4840,7;9,1;;;;;;;;;;;;
4841,6;9,8;;;;;;;;;;;;
4842,6;9,4;;;;;;;;;;;;
4843,8;9,2;;;;;;;;;;;;
4845,4;9,7;;;;;;;;;;;;
4845,7;9,6;;;;;;;;;;;;
4850,2;9,1;;;;;;;;;;;;
4850,8;9,6;;;;;;;;;;;;
4852,5;9,5;;;;;;;;;;;;
4858,5;9,7;;;;;;;;;;;;
4864,8;9,3;;;;;;;;;;;;
4865,4;9,4;;;;;;;;;;;;
4867,7;9,5;;;;;;;;;;;;
4869,44;9,7;;;;;;;;;;;;
4871,4;9,7;;;;;;;;;;;;
4871,8;9,2;;;;;;;;;;;;
4872,8;9,1;;;;;;;;;;;;
4873,4;9,0;;;;;;;;;;;;
4873,7;9,3;;;;;;;;;;;;
4874,6;9,7;;;;;;;;;;;;
4875,4;9,6;;;;;;;;;;;;
4876,1;9,2;;;;;;;;;;;;
4877;9,9;;;;;;;;;;;;
4878,6;9,7;;;;;;;;;;;;
4878,7;9,7;;;;;;;;;;;;
4880,6;9,7;;;;;;;;;;;;
4882,7;9,9;;;;;;;;;;;;
4883;9,8;;;;;;;;;;;;
4883,4;9,7;;;;;;;;;;;;
4886,6;9,3;;;;;;;;;;;;
4886,8;9,4;;;;;;;;;;;;
4894,5;9,7;;;;;;;;;;;;
4895,6;9,4;;;;;;;;;;;;
4896,5;9,6;;;;;;;;;;;;
4896,6;10,3;;;;;;;;;;;;
4897,7;9,6;;;;;;;;;;;;
4898,4;9,0;;;;;;;;;;;;
4900,4;9,8;;;;;;;;;;;;
4900,7;9,7;;;;;;;;;;;;
4901,6;9,9;;;;;;;;;;;;
4902,5;9,8;;;;;;;;;;;;
4903,5;9,8;;;;;;;;;;;;
4905,7;10,0;;;;;;;;;;;;
4905,8;9,6;;;;;;;;;;;;
4910,3;9,1;;;;;;;;;;;;
4911,7;9,1;;;;;;;;;;;;
4914,7;9,5;;;;;;;;;;;;
4921,5;9,7;;;;;;;;;;;;
4922,5;9,7;;;;;;;;;;;;
4923,5;9,7;;;;;;;;;;;;
4923,6;9,4;;;;;;;;;;;;
4924,4;9,8;;;;;;;;;;;;
4925,6;9,7;;;;;;;;;;;;
4926,6;10,1;;;;;;;;;;;;
4927,5;9,6;;;;;;;;;;;;
4927,6;9,4;;;;;;;;;;;;
4928,6;9,8;;;;;;;;;;;;
4931,4;9,2;;;;;;;;;;;;
4933,5;9,8;;;;;;;;;;;;
4933,6;9,7;;;;;;;;;;;;
4934,5;9,9;;;;;;;;;;;;
4935,4;9,7;;;;;;;;;;;;
4940,2;9,0;;;;;;;;;;;;
4940,6;9,3;;;;;;;;;;;;
4941,6;9,8;;;;;;;;;;;;
4942,5;9,8;;;;;;;;;;;;
4948,3;9,3;;;;;;;;;;;;
4950,3;9,3;;;;;;;;;;;;
4952,5;9,9;;;;;;;;;;;;
4954,6;9,3;;;;;;;;;;;;
4954,6;9,7;;;;;;;;;;;;
4955,6;9,8;;;;;;;;;;;;
4957,5;9,1;;;;;;;;;;;;
4958,6;8,9;;;;;;;;;;;;
4960,6;10,0;;;;;;;;;;;;
4961,4;9,2;;;;;;;;;;;;
4962,3;9,7;;;;;;;;;;;;
4963,5;9,9;;;;;;;;;;;;
4965,6;9,3;;;;;;;;;;;;
4967,6;9,0;;;;;;;;;;;;
4967,6;9,8;;;;;;;;;;;;
4968,3;9,4;;;;;;;;;;;;
4973,5;9,6;;;;;;;;;;;;
4977,3;9,8;;;;;;;;;;;;
4977,6;9,6;;;;;;;;;;;;
4980,5;9,5;;;;;;;;;;;;
4982,3;9,4;;;;;;;;;;;;
4984,2;9,3;;;;;;;;;;;;
4984,2;9,6;;;;;;;;;;;;
4984,6;9,6;;;;;;;;;;;;
4985,5;9,9;;;;;;;;;;;;
4987,5;9,2;;;;;;;;;;;;
4989,5;8,8;;;;;;;;;;;;
4990;9,5;;;;;;;;;;;;
4991,5;9,4;;;;;;;;;;;;
4993,5;9,5;;;;;;;;;;;;
4994,3;9,7;;;;;;;;;;;;
4996,6;10,0;;;;;;;;;;;;
4997,5;9,6;;;;;;;;;;;;
4998,5;9,5;;;;;;;;;;;;
5004,5;9,2;;;;;;;;;;;;
5011,5;9,5;;;;;;;;;;;;
5012,3;9,8;;;;;;;;;;;;
5012,3;9,3;;;;;;;;;;;;
5015,5;9,5;;;;;;;;;;;;
5016;9,2;;;;;;;;;;;;
5028,5;9,5;;;;;;;;;;;;
5032,2;9,7;;;;;;;;;;;;
5034,2;9,7;;;;;;;;;;;;
5038,9;9,3;;;;;;;;;;;;
5042,2;9,7;;;;;;;;;;;;
5076,7;9,5;;;;;;;;;;;;
5083,9;10,0;;;;;;;;;;;;
5093,9;10,1;;;;;;;;;;;;
5111,7;10,2;;;;;;;;;;;;
5116,3;9,9;;;;;;;;;;;;
5116,9;9,8;;;;;;;;;;;;
5118,7;9,8;;;;;;;;;;;;
5120,7;9,9;;;;;;;;;;;;
5122,9;9,9;;;;;;;;;;;;
5142,5;9,4;;;;;;;;;;;;
5146,9;10,0;;;;;;;;;;;;
5153,4;9,8;;;;;;;;;;;;
5164,8;9,8;;;;;;;;;;;;
5167,9;10,0;;;;;;;;;;;;
5172,6;9,8;;;;;;;;;;;;
5173,8;9,4;;;;;;;;;;;;
5173,9;10,3;;;;;;;;;;;;
5175,4;10,2;;;;;;;;;;;;
5175,4;10,0;;;;;;;;;;;;
5178,4;9,9;;;;;;;;;;;;
5180,8;10,3;;;;;;;;;;;;
5190,7;9,8;;;;;;;;;;;;
5196,2;10,0;;;;;;;;;;;;
5196,5;10,0;;;;;;;;;;;;
5196,7;10,3;;;;;;;;;;;;
5198,1;9,9;;;;;;;;;;;;
5202,7;10,0;;;;;;;;;;;;
5202,7;10,1;;;;;;;;;;;;
5205,8;10,1;;;;;;;;;;;;
5208,5;9,9;;;;;;;;;;;;
5208,5;10,0;;;;;;;;;;;;
5216,6;10,0;;;;;;;;;;;;
5220,7;9,9;;;;;;;;;;;;
5224,7;10,1;;;;;;;;;;;;
5226,7;10,1;;;;;;;;;;;;
5227,5;10,0;;;;;;;;;;;;
5230,4;9,6;;;;;;;;;;;;
5231,5;10,0;;;;;;;;;;;;
5231,6;10,2;;;;;;;;;;;;
5232,4;10,0;;;;;;;;;;;;
5233,4;10,0;;;;;;;;;;;;
5233,4;10,0;;;;;;;;;;;;
5235,7;10,3;;;;;;;;;;;;
5238,2;10,0;;;;;;;;;;;;
5241,5;10,0;;;;;;;;;;;;
5245,7;10,0;;;;;;;;;;;;
5248,757;9,6;;;;;;;;;;;;
5249,6;10,3;;;;;;;;;;;;
5256,4;10,0;;;;;;;;;;;;
5257,7;10,5;;;;;;;;;;;;
5257,719;9,5;;;;;;;;;;;;
5258,8;10,0;;;;;;;;;;;;
5261,74;9,6;;;;;;;;;;;;
5262,4;10,1;;;;;;;;;;;;
5264,4;10,0;;;;;;;;;;;;
5265,719;9,6;;;;;;;;;;;;
5267,5;10,3;;;;;;;;;;;;
5275,684;9,6;;;;;;;;;;;;
5276,6;10,5;;;;;;;;;;;;
5278,3;10,3;;;;;;;;;;;;
5278,5;10,5;;;;;;;;;;;;
5279,7;10,0;;;;;;;;;;;;
5280,8;10,1;;;;;;;;;;;;
5281,5;10,3;;;;;;;;;;;;
5281,6;10,1;;;;;;;;;;;;
5281,747;9,9;;;;;;;;;;;;
5283,5;10,4;;;;;;;;;;;;
5284;10,0;;;;;;;;;;;;
5284,5;10,0;;;;;;;;;;;;
5285,5;10,3;;;;;;;;;;;;
5286,1;10,1;;;;;;;;;;;;
5287,4;9,9;;;;;;;;;;;;
5287,5;10,3;;;;;;;;;;;;
5287,7;9,9;;;;;;;;;;;;
5288,1;10,1;;;;;;;;;;;;
5288,3;10,4;;;;;;;;;;;;
5288,6;10,7;;;;;;;;;;;;
5291,6;10,1;;;;;;;;;;;;
5292,2;10,0;;;;;;;;;;;;
5293,5;10,3;;;;;;;;;;;;
5293,705;9,8;;;;;;;;;;;;
5294,5;10,3;;;;;;;;;;;;
5295,5;10,3;;;;;;;;;;;;
5296;10,1;;;;;;;;;;;;
5303,6;9,6;;;;;;;;;;;;
5305,5;10,3;;;;;;;;;;;;
5308,5;10,3;;;;;;;;;;;;
5308,7;10,0;;;;;;;;;;;;
5309,1;10,1;;;;;;;;;;;;
5309,6;10,1;;;;;;;;;;;;
5311;10,2;;;;;;;;;;;;
5312,2;9,9;;;;;;;;;;;;
5312,5;10,2;;;;;;;;;;;;
5313,5;10,2;;;;;;;;;;;;
5315,4;10,2;;;;;;;;;;;;
5316,3;9,8;;;;;;;;;;;;
5316,3;10,1;;;;;;;;;;;;
5316,5;10,2;;;;;;;;;;;;
5317,5;10,2;;;;;;;;;;;;
5319,5;9,8;;;;;;;;;;;;
5319,773;10,0;;;;;;;;;;;;
5320,4;10,1;;;;;;;;;;;;
5322,7;9,9;;;;;;;;;;;;
5324,3;9,9;;;;;;;;;;;;
5324,6;10,1;;;;;;;;;;;;
5324,6;10,1;;;;;;;;;;;;
5331,9;10,2;;;;;;;;;;;;
5337,5;10,0;;;;;;;;;;;;
5338,5;9,7;;;;;;;;;;;;
5339,1;9,7;;;;;;;;;;;;
5341;10,1;;;;;;;;;;;;
5341,5;10,0;;;;;;;;;;;;
5342,5;10,0;;;;;;;;;;;;
5344;10,1;;;;;;;;;;;;
5344,3;10,2;;;;;;;;;;;;
5344,7;10,1;;;;;;;;;;;;
5344,717;9,7;;;;;;;;;;;;
5346,5;10,1;;;;;;;;;;;;
5346,6;10,0;;;;;;;;;;;;
5349;10,2;;;;;;;;;;;;
5350,5;10,2;;;;;;;;;;;;
5352,69;10,4;;;;;;;;;;;;
5353,5;9,8;;;;;;;;;;;;
5355,5;10,2;;;;;;;;;;;;
5365,5;10,0;;;;;;;;;;;;
5367,3;10,1;;;;;;;;;;;;
5367,5;10,2;;;;;;;;;;;;
5371,1;9,6;;;;;;;;;;;;
5372,5;10,0;;;;;;;;;;;;
5372,672;10,2;;;;;;;;;;;;
5375,5;10,2;;;;;;;;;;;;
5378,5;9,8;;;;;;;;;;;;
5379,3;9,9;;;;;;;;;;;;
5381,5;9,8;;;;;;;;;;;;
5382,3;10,0;;;;;;;;;;;;
5382,656;10,0;;;;;;;;;;;;
5394,5;9,9;;;;;;;;;;;;
5401,5;9,8;;;;;;;;;;;;
5403,2;10,1;;;;;;;;;;;;
5445,7;9,9;;;;;;;;;;;;
5465,9;10,3;;;;;;;;;;;;
5474,9;10,4;;;;;;;;;;;;
5482,9;10,1;;;;;;;;;;;;
5498,9;10,1;;;;;;;;;;;;
5503,8;10,3;;;;;;;;;;;;
5506,6;10,2;;;;;;;;;;;;
5512,6;10,3;;;;;;;;;;;;
5518,8;10,3;;;;;;;;;;;;
5526,9;10,5;;;;;;;;;;;;
5528,8;10,6;;;;;;;;;;;;
5533,9;10,5;;;;;;;;;;;;
5545,7;10,4;;;;;;;;;;;;
5548,8;10,1;;;;;;;;;;;;
5549;10,3;;;;;;;;;;;;
5549,8;10,3;;;;;;;;;;;;
5553,7;10,2;;;;;;;;;;;;
5553,781;10,1;;;;;;;;;;;;
5554,5;10,3;;;;;;;;;;;;
5557,8;10,1;;;;;;;;;;;;
5558;10,4;;;;;;;;;;;;
5561,776;10,1;;;;;;;;;;;;
5563,5;10,2;;;;;;;;;;;;
5566,6;10,1;;;;;;;;;;;;
5572,7;10,1;;;;;;;;;;;;
5576;10,1;;;;;;;;;;;;
5579,7;10,5;;;;;;;;;;;;
5583,7;10,1;;;;;;;;;;;;
5583,717;9,7;;;;;;;;;;;;
5590,5;10,5;;;;;;;;;;;;
5592,8;10,2;;;;;;;;;;;;
5593;10,4;;;;;;;;;;;;
5593,5;10,3;;;;;;;;;;;;
5600,5;10,5;;;;;;;;;;;;
5602,6;10,2;;;;;;;;;;;;
5603,5;10,5;;;;;;;;;;;;
5604,5;10,2;;;;;;;;;;;;
5604,7;10,6;;;;;;;;;;;;
5605,5;10,4;;;;;;;;;;;;
5608,1;10,2;;;;;;;;;;;;
5609,7;10,0;;;;;;;;;;;;
5612,5;10,5;;;;;;;;;;;;
5612,714;10,1;;;;;;;;;;;;
5614,6;10,7;;;;;;;;;;;;
5616,5;10,7;;;;;;;;;;;;
5618,724;10,3;;;;;;;;;;;;
5619,1;10,3;;;;;;;;;;;;
5632,7;10,7;;;;;;;;;;;;
5632,7;10,2;;;;;;;;;;;;
5632,703;9,9;;;;;;;;;;;;
5634;10,2;;;;;;;;;;;;
5635,6;10,4;;;;;;;;;;;;
5637;10,4;;;;;;;;;;;;
5640,6;10,3;;;;;;;;;;;;
5641,708;9,9;;;;;;;;;;;;
5642;10,4;;;;;;;;;;;;
5642,5;10,3;;;;;;;;;;;;
5642,6;10,7;;;;;;;;;;;;
5643,1;10,3;;;;;;;;;;;;
5643,5;10,3;;;;;;;;;;;;
5643,7;10,2;;;;;;;;;;;;
5645,5;10,5;;;;;;;;;;;;
5646,5;10,6;;;;;;;;;;;;
5656,6;10,1;;;;;;;;;;;;
5660,7;10,4;;;;;;;;;;;;
5661,3;10,3;;;;;;;;;;;;
5661,3;10,3;;;;;;;;;;;;
5662,5;10,5;;;;;;;;;;;;
5662,67;10,4;;;;;;;;;;;;
5664,6;10,4;;;;;;;;;;;;
5665,6;9,9;;;;;;;;;;;;
5666,6;10,3;;;;;;;;;;;;
5668,718;10,2;;;;;;;;;;;;
5672,5;10,5;;;;;;;;;;;;
5673,4;10,3;;;;;;;;;;;;
5673,5;10,5;;;;;;;;;;;;
5673,9;10,4;;;;;;;;;;;;
5675,6;10,1;;;;;;;;;;;;
5677,2;10,3;;;;;;;;;;;;
5679,5;10,4;;;;;;;;;;;;
5681,5;10,6;;;;;;;;;;;;
5682,5;10,8;;;;;;;;;;;;
5685;10,0;;;;;;;;;;;;
5687,6;10,1;;;;;;;;;;;;
5688,5;10,7;;;;;;;;;;;;
5690,5;10,7;;;;;;;;;;;;
5692,5;10,7;;;;;;;;;;;;
5692,7;10,1;;;;;;;;;;;;
5693,5;10,1;;;;;;;;;;;;
5693,5;10,6;;;;;;;;;;;;
5694,5;10,6;;;;;;;;;;;;
5695,5;10,7;;;;;;;;;;;;
5700,5;10,3;;;;;;;;;;;;
5701,6;10,2;;;;;;;;;;;;
5703,5;10,6;;;;;;;;;;;;
5704,3;10,3;;;;;;;;;;;;
5704,3;10,3;;;;;;;;;;;;
5705,1;10,2;;;;;;;;;;;;
5706,6;10,3;;;;;;;;;;;;
5708,5;10,1;;;;;;;;;;;;
5720,6;10,4;;;;;;;;;;;;
5720,7;10,3;;;;;;;;;;;;
5724,5;10,4;;;;;;;;;;;;
5724,5;10,3;;;;;;;;;;;;
5725,5;10,0;;;;;;;;;;;;
5728,3;10,2;;;;;;;;;;;;
5729,1;9,8;;;;;;;;;;;;
5733,5;9,8;;;;;;;;;;;;
5735,5;10,1;;;;;;;;;;;;
5736,5;10,1;;;;;;;;;;;;
5755,5;10,2;;;;;;;;;;;;
5755,5;10,1;;;;;;;;;;;;
5755,5;10,1;;;;;;;;;;;;
5760,5;10,0;;;;;;;;;;;;
5761;10,3;;;;;;;;;;;;
5765,5;10,1;;;;;;;;;;;;
5768,5;10,0;;;;;;;;;;;;
5778,5;10,0;;;;;;;;;;;;
5830,9;10,6;;;;;;;;;;;;
5831,9;10,2;;;;;;;;;;;;
5846,9;10,7;;;;;;;;;;;;
5853,9;10,4;;;;;;;;;;;;
5859,4;10,4;;;;;;;;;;;;
5859,9;10,6;;;;;;;;;;;;
5866,2;10,4;;;;;;;;;;;;
5873,8;10,4;;;;;;;;;;;;
5876,8;10,5;;;;;;;;;;;;
5881,4;10,4;;;;;;;;;;;;
5883,8;10,6;;;;;;;;;;;;
5885,9;10,7;;;;;;;;;;;;
5888,9;10,4;;;;;;;;;;;;
5900,8;10,3;;;;;;;;;;;;
5906,2;10,4;;;;;;;;;;;;
5907,8;10,6;;;;;;;;;;;;
5908,8;10,3;;;;;;;;;;;;
5909,7;10,5;;;;;;;;;;;;
5922;10,4;;;;;;;;;;;;
5922,8;10,6;;;;;;;;;;;;
5928,7;10,5;;;;;;;;;;;;
5931,2;10,4;;;;;;;;;;;;
5931,5;10,6;;;;;;;;;;;;
5934;10,4;;;;;;;;;;;;
5934,7;10,8;;;;;;;;;;;;
5937,5;10,6;;;;;;;;;;;;
5938,6;10,6;;;;;;;;;;;;
5940,7;10,4;;;;;;;;;;;;
5940,7;10,5;;;;;;;;;;;;
5944,5;10,6;;;;;;;;;;;;
5945,5;10,6;;;;;;;;;;;;
5948,8;10,7;;;;;;;;;;;;
5956,5;10,7;;;;;;;;;;;;
5956,7;10,8;;;;;;;;;;;;
5958,5;10,6;;;;;;;;;;;;
5964,1;10,4;;;;;;;;;;;;
5964,5;10,7;;;;;;;;;;;;
5967,8;10,2;;;;;;;;;;;;
5969,6;10,3;;;;;;;;;;;;
5971,6;10,8;;;;;;;;;;;;
5974;10,4;;;;;;;;;;;;
5976,1;10,4;;;;;;;;;;;;
5976,5;10,7;;;;;;;;;;;;
5976,7;10,4;;;;;;;;;;;;
5977,6;10,8;;;;;;;;;;;;
5986;10,4;;;;;;;;;;;;
5987,5;10,6;;;;;;;;;;;;
5988;10,4;;;;;;;;;;;;
5989,6;10,7;;;;;;;;;;;;
5991,8;10,4;;;;;;;;;;;;
5995,8;10,1;;;;;;;;;;;;
5997,1;10,2;;;;;;;;;;;;
6000;10,4;;;;;;;;;;;;
6000,7;10,3;;;;;;;;;;;;
6001,5;10,5;;;;;;;;;;;;
6001,7;10,5;;;;;;;;;;;;
6002,5;10,5;;;;;;;;;;;;
6003,6;10,8;;;;;;;;;;;;
6004,8;10,3;;;;;;;;;;;;
6005;10,4;;;;;;;;;;;;
6006;10,4;;;;;;;;;;;;
6012,6;10,4;;;;;;;;;;;;
6014,6;10,5;;;;;;;;;;;;
6015,5;10,6;;;;;;;;;;;;
6019,7;10,8;;;;;;;;;;;;
6025,6;10,4;;;;;;;;;;;;
6025,6;10,5;;;;;;;;;;;;
6027,6;10,3;;;;;;;;;;;;
6031,6;10,2;;;;;;;;;;;;
6033,6;10,3;;;;;;;;;;;;
6047,5;10,3;;;;;;;;;;;;
6047,5;10,9;;;;;;;;;;;;
6051,7;10,4;;;;;;;;;;;;
6052,6;10,3;;;;;;;;;;;;
6055,6;10,5;;;;;;;;;;;;
6056;10,4;;;;;;;;;;;;
6057,2;10,3;;;;;;;;;;;;
6060;10,4;;;;;;;;;;;;
6060,5;10,4;;;;;;;;;;;;
6061,5;10,2;;;;;;;;;;;;
6062,5;10,4;;;;;;;;;;;;
6062,6;10,3;;;;;;;;;;;;
6068,5;10,5;;;;;;;;;;;;
6071,7;10,3;;;;;;;;;;;;
6073,9;10,3;;;;;;;;;;;;
6076;10,2;;;;;;;;;;;;
6077,5;10,7;;;;;;;;;;;;
6078,5;10,4;;;;;;;;;;;;
6078,5;10,2;;;;;;;;;;;;
6079;10,2;;;;;;;;;;;;
6079,1;10,4;;;;;;;;;;;;
6083,5;10,5;;;;;;;;;;;;
6084,6;10,3;;;;;;;;;;;;
6092,5;10,1;;;;;;;;;;;;
6093;10,2;;;;;;;;;;;;
6100;10,2;;;;;;;;;;;;
6100,5;10,3;;;;;;;;;;;;
6106,5;10,3;;;;;;;;;;;;
6106,9;10,4;;;;;;;;;;;;
6107,9;10,3;;;;;;;;;;;;
6108,9;10,4;;;;;;;;;;;;
6109,5;10,3;;;;;;;;;;;;
6111;10,3;;;;;;;;;;;;
6111,9;10,4;;;;;;;;;;;;
6112,6;10,2;;;;;;;;;;;;
6114,5;10,4;;;;;;;;;;;;
6115,5;10,3;;;;;;;;;;;;
6115,5;10,3;;;;;;;;;;;;
6122,5;10,1;;;;;;;;;;;;
6129,5;10,3;;;;;;;;;;;;
6134,5;10,2;;;;;;;;;;;;
6181,9;10,6;;;;;;;;;;;;
6195,9;10,6;;;;;;;;;;;;
6205,5;10,3;;;;;;;;;;;;
6209,9;10,7;;;;;;;;;;;;
6212,9;10,6;;;;;;;;;;;;
6217,9;10,7;;;;;;;;;;;;
6230,8;10,8;;;;;;;;;;;;
6235,9;10,6;;;;;;;;;;;;
6238,4;10,4;;;;;;;;;;;;
6240,9;10,8;;;;;;;;;;;;
6244,8;10,8;;;;;;;;;;;;
6263,7;11,0;;;;;;;;;;;;
6267,8;10,9;;;;;;;;;;;;
6284,7;10,8;;;;;;;;;;;;
6285,3;10,3;;;;;;;;;;;;
6287,7;10,7;;;;;;;;;;;;
6294,7;10,8;;;;;;;;;;;;
6296,7;11,0;;;;;;;;;;;;
6302,9;10,5;;;;;;;;;;;;
6310,7;11,0;;;;;;;;;;;;
6312,6;10,6;;;;;;;;;;;;
6314,6;10,9;;;;;;;;;;;;
6314,7;10,8;;;;;;;;;;;;
6316,6;10,9;;;;;;;;;;;;
6318,6;10,9;;;;;;;;;;;;
6319,7;11,0;;;;;;;;;;;;
6320,6;10,9;;;;;;;;;;;;
6322,6;10,9;;;;;;;;;;;;
6326,1;10,3;;;;;;;;;;;;
6327,8;10,7;;;;;;;;;;;;
6330,7;10,9;;;;;;;;;;;;
6339,7;11,0;;;;;;;;;;;;
6343,6;10,6;;;;;;;;;;;;
6344,7;11,0;;;;;;;;;;;;
6344,8;10,6;;;;;;;;;;;;
6346,7;10,9;;;;;;;;;;;;
6349,6;10,5;;;;;;;;;;;;
6352,7;10,9;;;;;;;;;;;;
6353,1;10,4;;;;;;;;;;;;
6372,7;10,8;;;;;;;;;;;;
6372,7;10,7;;;;;;;;;;;;
6378,7;10,5;;;;;;;;;;;;
6380,7;10,6;;;;;;;;;;;;
6386,7;10,7;;;;;;;;;;;;
6388,2;10,4;;;;;;;;;;;;
6389,7;10,5;;;;;;;;;;;;
6397,7;10,5;;;;;;;;;;;;
6402,7;10,6;;;;;;;;;;;;
6408,8;10,6;;;;;;;;;;;;
6410,7;10,6;;;;;;;;;;;;
6411,2;10,3;;;;;;;;;;;;
6414,7;10,6;;;;;;;;;;;;
6420;10,4;;;;;;;;;;;;
6425,7;10,2;;;;;;;;;;;;
6430,7;10,6;;;;;;;;;;;;
6436,7;10,5;;;;;;;;;;;;
6443,7;10,5;;;;;;;;;;;;
6444,1;10,4;;;;;;;;;;;;
6452,6;10,5;;;;;;;;;;;;
6456,6;10,6;;;;;;;;;;;;
6458,6;10,4;;;;;;;;;;;;
6461;10,4;;;;;;;;;;;;
6463,6;10,4;;;;;;;;;;;;
6465,5;10,4;;;;;;;;;;;;
6468,6;10,5;;;;;;;;;;;;
6472,6;10,6;;;;;;;;;;;;
6475,6;10,6;;;;;;;;;;;;
6487,5;10,3;;;;;;;;;;;;
6490;10,4;;;;;;;;;;;;
6495,5;10,4;;;;;;;;;;;;
6499,5;10,6;;;;;;;;;;;;
6503,5;10,5;;;;;;;;;;;;
6560,5;10,4;;;;;;;;;;;;
6562,9;10,8;;;;;;;;;;;;
6584,9;10,9;;;;;;;;;;;;
6587,9;11,0;;;;;;;;;;;;
6591,4;10,5;;;;;;;;;;;;
6609,8;11,1;;;;;;;;;;;;
6614,4;10,5;;;;;;;;;;;;
6614,8;11,0;;;;;;;;;;;;
6618,9;11,1;;;;;;;;;;;;
6621,8;10,6;;;;;;;;;;;;
6625,9;11,0;;;;;;;;;;;;
6637,8;10,8;;;;;;;;;;;;
6642,8;10,9;;;;;;;;;;;;
6644,8;11,0;;;;;;;;;;;;
6649,2;10,5;;;;;;;;;;;;
6650,7;11,0;;;;;;;;;;;;
6658,9;11,0;;;;;;;;;;;;
6668,7;11,0;;;;;;;;;;;;
6670,1;10,4;;;;;;;;;;;;
6671,2;10,5;;;;;;;;;;;;
6678,6;11,0;;;;;;;;;;;;
6683,6;10,5;;;;;;;;;;;;
6683,7;11,0;;;;;;;;;;;;
6686,7;11,0;;;;;;;;;;;;
6695,7;11,2;;;;;;;;;;;;
6697,7;11,2;;;;;;;;;;;;
6702,7;11,2;;;;;;;;;;;;
6704;10,4;;;;;;;;;;;;
6704,6;11,0;;;;;;;;;;;;
6706,3;10,5;;;;;;;;;;;;
6707,1;10,4;;;;;;;;;;;;
6708,5;10,9;;;;;;;;;;;;
6708,7;11,0;;;;;;;;;;;;
6710,7;11,0;;;;;;;;;;;;
6711,5;10,9;;;;;;;;;;;;
6713,6;10,4;;;;;;;;;;;;
6714;10,4;;;;;;;;;;;;
6714,6;10,3;;;;;;;;;;;;
6717,6;11,0;;;;;;;;;;;;
6724,6;10,6;;;;;;;;;;;;
6725;10,4;;;;;;;;;;;;
6726,6;11,0;;;;;;;;;;;;
6727;10,4;;;;;;;;;;;;
6730,6;11,0;;;;;;;;;;;;
6731,1;10,4;;;;;;;;;;;;
6733,1;10,3;;;;;;;;;;;;
6736,6;11,2;;;;;;;;;;;;
6736,7;10,6;;;;;;;;;;;;
6753,6;11,2;;;;;;;;;;;;
6755,7;10,9;;;;;;;;;;;;
6758,5;10,7;;;;;;;;;;;;
6758,6;11,1;;;;;;;;;;;;
6759,6;10,4;;;;;;;;;;;;
6761,5;11,0;;;;;;;;;;;;
6765,6;11,0;;;;;;;;;;;;
6766,5;11,0;;;;;;;;;;;;
6769,2;10,4;;;;;;;;;;;;
6769,6;11,0;;;;;;;;;;;;
6772,6;11,0;;;;;;;;;;;;
6779,6;11,0;;;;;;;;;;;;
6785,6;10,7;;;;;;;;;;;;
6788;10,4;;;;;;;;;;;;
6791;10,4;;;;;;;;;;;;
6791,5;10,8;;;;;;;;;;;;
6794,5;10,9;;;;;;;;;;;;
6800,5;10,7;;;;;;;;;;;;
6804,5;11,0;;;;;;;;;;;;
6815,1;10,4;;;;;;;;;;;;
6815,6;11,0;;;;;;;;;;;;
6820,5;10,8;;;;;;;;;;;;
6821,5;10,7;;;;;;;;;;;;
6824,5;10,7;;;;;;;;;;;;
6829;10,3;;;;;;;;;;;;
6835,6;10,6;;;;;;;;;;;;
6841,5;10,6;;;;;;;;;;;;
6844,5;10,8;;;;;;;;;;;;
6846;10,4;;;;;;;;;;;;
6851,5;10,9;;;;;;;;;;;;
6852,5;10,8;;;;;;;;;;;;
6856,5;10,8;;;;;;;;;;;;
6858,5;10,6;;;;;;;;;;;;
6864,5;10,7;;;;;;;;;;;;
6913,9;10,5;;;;;;;;;;;;
6943,9;11,1;;;;;;;;;;;;
6949,9;11,1;;;;;;;;;;;;
6952,4;10,6;;;;;;;;;;;;
6975,4;10,5;;;;;;;;;;;;
6977,9;11,3;;;;;;;;;;;;
6981,9;11,4;;;;;;;;;;;;
6998,3;10,4;;;;;;;;;;;;
6999,9;11,2;;;;;;;;;;;;
7001,8;11,4;;;;;;;;;;;;
7013,9;11,2;;;;;;;;;;;;
7026,7;11,6;;;;;;;;;;;;
7027,2;10,4;;;;;;;;;;;;
7032,7;11,5;;;;;;;;;;;;
7037,8;11,4;;;;;;;;;;;;
7040,7;11,3;;;;;;;;;;;;
7051,7;11,5;;;;;;;;;;;;
7056,8;11,5;;;;;;;;;;;;
7059,1;10,5;;;;;;;;;;;;
7059,7;11,6;;;;;;;;;;;;
7062,7;10,7;;;;;;;;;;;;
7065,7;11,6;;;;;;;;;;;;
7080,7;11,6;;;;;;;;;;;;
7085,7;11,6;;;;;;;;;;;;
7093,9;11,4;;;;;;;;;;;;
7095,6;10,8;;;;;;;;;;;;
7096,2;10,4;;;;;;;;;;;;
7107,7;11,2;;;;;;;;;;;;
7114,1;10,5;;;;;;;;;;;;
7114,7;11,5;;;;;;;;;;;;
7114,7;10,7;;;;;;;;;;;;
7123,2;10,4;;;;;;;;;;;;
7126,7;11,3;;;;;;;;;;;;
7128,6;10,8;;;;;;;;;;;;
7129,1;10,4;;;;;;;;;;;;
7137,7;11,3;;;;;;;;;;;;
7139,7;11,4;;;;;;;;;;;;
7147,7;11,3;;;;;;;;;;;;
7149,1;10,4;;;;;;;;;;;;
7156,2;10,3;;;;;;;;;;;;
7158,7;11,2;;;;;;;;;;;;
7165,5;10,8;;;;;;;;;;;;
7168,7;11,2;;;;;;;;;;;;
7172,7;11,1;;;;;;;;;;;;
7177,7;11,1;;;;;;;;;;;;
7196,7;11,4;;;;;;;;;;;;
7203;10,4;;;;;;;;;;;;
7205,5;10,7;;;;;;;;;;;;
7205,7;11,0;;;;;;;;;;;;
7210,7;11,2;;;;;;;;;;;;
7214;10,3;;;;;;;;;;;;
7214,7;11,2;;;;;;;;;;;;
7224,7;11,1;;;;;;;;;;;;
7234,6;10,8;;;;;;;;;;;;
7266,9;11,2;;;;;;;;;;;;
7273,9;11,3;;;;;;;;;;;;
7279,9;11,4;;;;;;;;;;;;
7297,5;10,6;;;;;;;;;;;;
7300,9;11,6;;;;;;;;;;;;
7302,9;11,5;;;;;;;;;;;;
7304,4;10,6;;;;;;;;;;;;
7307,9;10,8;;;;;;;;;;;;
7308,9;11,5;;;;;;;;;;;;
7320,9;11,6;;;;;;;;;;;;
7329,9;11,0;;;;;;;;;;;;
7333,4;10,7;;;;;;;;;;;;
7336,9;11,4;;;;;;;;;;;;
7347,8;11,6;;;;;;;;;;;;
7361,9;11,5;;;;;;;;;;;;
7364,9;11,6;;;;;;;;;;;;
7379,7;11,6;;;;;;;;;;;;
7387,8;11,7;;;;;;;;;;;;
7390,8;11,5;;;;;;;;;;;;
7393,8;11,5;;;;;;;;;;;;
7407,7;11,5;;;;;;;;;;;;
7408,7;11,1;;;;;;;;;;;;
7410,7;11,6;;;;;;;;;;;;
7416,2;10,6;;;;;;;;;;;;
7418,8;11,3;;;;;;;;;;;;
7424,9;11,7;;;;;;;;;;;;
7428,8;11,1;;;;;;;;;;;;
7429,7;11,1;;;;;;;;;;;;
7434,7;11,5;;;;;;;;;;;;
7441,8;10,6;;;;;;;;;;;;
7442,7;11,4;;;;;;;;;;;;
7442,7;11,3;;;;;;;;;;;;
7445,8;10,7;;;;;;;;;;;;
7447,8;11,4;;;;;;;;;;;;
7449,8;10,8;;;;;;;;;;;;
7451,8;11,5;;;;;;;;;;;;
7465,7;11,5;;;;;;;;;;;;
7466,8;10,6;;;;;;;;;;;;
7468,7;11,6;;;;;;;;;;;;
7471,7;11,2;;;;;;;;;;;;
7478,7;11,6;;;;;;;;;;;;
7479,8;10,9;;;;;;;;;;;;
7494,2;10,6;;;;;;;;;;;;
7494,7;11,4;;;;;;;;;;;;
7494,8;10,5;;;;;;;;;;;;
7495,8;10,6;;;;;;;;;;;;
7496,7;11,5;;;;;;;;;;;;
7496,8;10,7;;;;;;;;;;;;
7498,7;11,0;;;;;;;;;;;;
7502,8;10,8;;;;;;;;;;;;
7503,7;11,5;;;;;;;;;;;;
7509,9;10,9;;;;;;;;;;;;
7510,7;11,7;;;;;;;;;;;;
7510,8;10,9;;;;;;;;;;;;
7513,8;10,8;;;;;;;;;;;;
7518,8;11,0;;;;;;;;;;;;
7523,6;11,5;;;;;;;;;;;;
7524,1;10,7;;;;;;;;;;;;
7524,6;11,0;;;;;;;;;;;;
7527,8;10,9;;;;;;;;;;;;
7529,6;11,3;;;;;;;;;;;;
7544,7;11,3;;;;;;;;;;;;
7551,5;11,1;;;;;;;;;;;;
7552,7;10,9;;;;;;;;;;;;
7553,7;10,8;;;;;;;;;;;;
7554,7;10,8;;;;;;;;;;;;
7555,7;10,8;;;;;;;;;;;;
7557,5;11,0;;;;;;;;;;;;
7557,6;11,6;;;;;;;;;;;;
7558,7;10,8;;;;;;;;;;;;
7559,1;10,5;;;;;;;;;;;;
7561,7;11,3;;;;;;;;;;;;
7561,8;10,9;;;;;;;;;;;;
7562,8;10,9;;;;;;;;;;;;
7563,8;11,0;;;;;;;;;;;;
7564,5;11,0;;;;;;;;;;;;
7565,8;10,8;;;;;;;;;;;;
7566,5;11,0;;;;;;;;;;;;
7570,8;11,1;;;;;;;;;;;;
7571,8;10,9;;;;;;;;;;;;
7572,8;10,7;;;;;;;;;;;;
7573,8;10,7;;;;;;;;;;;;
7582,6;11,6;;;;;;;;;;;;
7582,8;10,8;;;;;;;;;;;;
7583;10,6;;;;;;;;;;;;
7586,5;11,5;;;;;;;;;;;;
7652,9;11,7;;;;;;;;;;;;
7658,9;11,6;;;;;;;;;;;;
7678,9;11,6;;;;;;;;;;;;
7688,9;11,6;;;;;;;;;;;;
7706,9;11,6;;;;;;;;;;;;
7729,8;11,7;;;;;;;;;;;;
7738,7;11,8;;;;;;;;;;;;
7751,8;11,7;;;;;;;;;;;;
7760,7;11,7;;;;;;;;;;;;
7766,8;11,7;;;;;;;;;;;;
7771,7;11,7;;;;;;;;;;;;
7771,7;11,2;;;;;;;;;;;;
7778,8;11,7;;;;;;;;;;;;
7788,7;11,7;;;;;;;;;;;;
7790,2;10,6;;;;;;;;;;;;
7791,7;11,7;;;;;;;;;;;;
7792,9;10,9;;;;;;;;;;;;
7795,7;11,7;;;;;;;;;;;;
7801,7;11,1;;;;;;;;;;;;
7801,8;10,6;;;;;;;;;;;;
7801,9;11,7;;;;;;;;;;;;
7805,7;11,7;;;;;;;;;;;;
7818,7;11,8;;;;;;;;;;;;
7821,7;11,9;;;;;;;;;;;;
7822,1;10,6;;;;;;;;;;;;
7822,8;10,5;;;;;;;;;;;;
7824,7;11,2;;;;;;;;;;;;
7825,7;10,8;;;;;;;;;;;;
7833,7;10,7;;;;;;;;;;;;
7839,8;10,6;;;;;;;;;;;;
7839,9;11,9;;;;;;;;;;;;
7843,7;11,8;;;;;;;;;;;;
7847,7;;;;;;;;;;;;;
7849,7;10,3;;;;;;;;;;;;
7855,7;10,4;;;;;;;;;;;;
7856,2;10,6;;;;;;;;;;;;
7857,6;11,7;;;;;;;;;;;;
7865,8;11,8;;;;;;;;;;;;
7869,7;11,7;;;;;;;;;;;;
7875,7;11,7;;;;;;;;;;;;
7878,6;11,0;;;;;;;;;;;;
7878,7;11,7;;;;;;;;;;;;
7880,7;10,7;;;;;;;;;;;;
7886,7;11,6;;;;;;;;;;;;
7893,6;10,6;;;;;;;;;;;;
7894,1;10,6;;;;;;;;;;;;
7904,7;11,7;;;;;;;;;;;;
7910,7;11,6;;;;;;;;;;;;
7918,1;10,7;;;;;;;;;;;;
7921,7;11,7;;;;;;;;;;;;
7935,7;11,7;;;;;;;;;;;;
7939,7;11,7;;;;;;;;;;;;
7950;10,7;;;;;;;;;;;;
7951,7;11,7;;;;;;;;;;;;
7965,6;11,6;;;;;;;;;;;;
8040,4;10,7;;;;;;;;;;;;
8063,9;11,6;;;;;;;;;;;;
8068,8;11,7;;;;;;;;;;;;
8070,9;11,6;;;;;;;;;;;;
8075,9;11,6;;;;;;;;;;;;
8086,9;11,7;;;;;;;;;;;;
8093,9;11,6;;;;;;;;;;;;
8099,9;11,7;;;;;;;;;;;;
8100,8;10,6;;;;;;;;;;;;
8104,9;11,6;;;;;;;;;;;;
8118,8;11,6;;;;;;;;;;;;
8119,3;10,8;;;;;;;;;;;;
8120,8;10,7;;;;;;;;;;;;
8121,8;11,7;;;;;;;;;;;;
8128,8;11,6;;;;;;;;;;;;
8132,8;11,7;;;;;;;;;;;;
8140,7;11,7;;;;;;;;;;;;
8144,7;11,7;;;;;;;;;;;;
8148,7;11,7;;;;;;;;;;;;
8151,7;11,7;;;;;;;;;;;;
8160,7;11,6;;;;;;;;;;;;
8165,8;10,7;;;;;;;;;;;;
8172,7;11,6;;;;;;;;;;;;
8173,7;10,5;;;;;;;;;;;;
8180,8;11,7;;;;;;;;;;;;
8186,7;11,7;;;;;;;;;;;;
8188,8;10,4;;;;;;;;;;;;
8200,7;11,6;;;;;;;;;;;;
8206,6;10,7;;;;;;;;;;;;
8207,7;11,7;;;;;;;;;;;;
8211,6;10,8;;;;;;;;;;;;
8211,7;11,6;;;;;;;;;;;;
8216,6;10,5;;;;;;;;;;;;
8217,6;10,4;;;;;;;;;;;;
8223,6;11,8;;;;;;;;;;;;
8229,7;11,7;;;;;;;;;;;;
8230,6;10,5;;;;;;;;;;;;
8232,7;11,7;;;;;;;;;;;;
8235,7;10,9;;;;;;;;;;;;
8238,6;10,6;;;;;;;;;;;;
8242,6;10,6;;;;;;;;;;;;
8243,2;10,5;;;;;;;;;;;;
8245,7;11,5;;;;;;;;;;;;
8247,6;10,5;;;;;;;;;;;;
8247,7;10,9;;;;;;;;;;;;
8249,7;11,7;;;;;;;;;;;;
8251,6;10,5;;;;;;;;;;;;
